"feature_id","subsystem","group","feature_name","catalog_anchor","stress_test_files","supplementary_stress_files","vitest_unit_files","manual_playbook_refs","stress_coverage_required","gap_classification","evidence"
"cg-001","code_graph","READ-PATH FRESHNESS","Ensure code graph ready",".opencode/skill/system-spec-kit/mcp_server/code_graph/feature_catalog/01--read-path-freshness/01-ensure-code-graph-ready.md",".opencode/skill/system-spec-kit/mcp_server/stress_test/code-graph/code-graph-degraded-sweep.vitest.ts",".opencode/skill/system-spec-kit/mcp_server/stress_test/search-quality/w7-degraded-empty.vitest.ts;.opencode/skill/system-spec-kit/mcp_server/stress_test/search-quality/w7-degraded-full-scan.vitest.ts;.opencode/skill/system-spec-kit/mcp_server/stress_test/search-quality/w7-degraded-stale.vitest.ts;.opencode/skill/system-spec-kit/mcp_server/stress_test/search-quality/w7-degraded-unavailable.vitest.ts;.opencode/skill/system-spec-kit/mcp_server/stress_test/search-quality/w10-degraded-readiness-integration.vitest.ts",".opencode/skill/system-spec-kit/mcp_server/code_graph/tests/code-graph-indexer.vitest.ts;.opencode/skill/system-spec-kit/mcp_server/code_graph/tests/code-graph-query-handler.vitest.ts;.opencode/skill/system-spec-kit/mcp_server/code_graph/tests/code-graph-context-handler.vitest.ts",".opencode/skill/system-spec-kit/mcp_server/code_graph/manual_testing_playbook/01--read-path-freshness/001-ensure-ready-selective-reindex.md","Y","none","Direct degraded sweep covers empty broad-stale crash and fresh readiness branches."
"cg-002","code_graph","READ-PATH FRESHNESS","Query self-heal",".opencode/skill/system-spec-kit/mcp_server/code_graph/feature_catalog/01--read-path-freshness/02-query-self-heal.md",".opencode/skill/system-spec-kit/mcp_server/stress_test/code-graph/code-graph-degraded-sweep.vitest.ts",".opencode/skill/system-spec-kit/mcp_server/stress_test/search-quality/w7-degraded-stale.vitest.ts;.opencode/skill/system-spec-kit/mcp_server/stress_test/search-quality/w10-degraded-readiness-integration.vitest.ts",".opencode/skill/system-spec-kit/mcp_server/code_graph/tests/code-graph-query-handler.vitest.ts;.opencode/skill/system-spec-kit/mcp_server/code_graph/tests/code-graph-siblings-readiness.vitest.ts",".opencode/skill/system-spec-kit/mcp_server/code_graph/manual_testing_playbook/01--read-path-freshness/002-query-self-heal-stale-file.md","Y","none","Direct query stress exercises fallbackDecision routing for degraded read states."
"cg-003","code_graph","MANUAL SCAN / VERIFY / STATUS","code_graph_scan",".opencode/skill/system-spec-kit/mcp_server/code_graph/feature_catalog/02--manual-scan-verify-status/01-code-graph-scan.md",".opencode/skill/system-spec-kit/mcp_server/stress_test/code-graph/walker-dos-caps.vitest.ts",".opencode/skill/system-spec-kit/mcp_server/stress_test/search-quality/w7-degraded-full-scan.vitest.ts",".opencode/skill/system-spec-kit/mcp_server/code_graph/tests/code-graph-scan.vitest.ts;.opencode/skill/system-spec-kit/mcp_server/code_graph/tests/code-graph-indexer.vitest.ts",".opencode/skill/system-spec-kit/mcp_server/code_graph/manual_testing_playbook/02--manual-scan-verify-status/003-code-graph-scan-incremental.md;.opencode/skill/system-spec-kit/mcp_server/code_graph/manual_testing_playbook/02--manual-scan-verify-status/004-code-graph-scan-full.md","Y","P1","Direct stress covers walker caps but not full scan handler pressure or verify=true scan pressure."
"cg-004","code_graph","MANUAL SCAN / VERIFY / STATUS","code_graph_verify",".opencode/skill/system-spec-kit/mcp_server/code_graph/feature_catalog/02--manual-scan-verify-status/02-code-graph-verify.md","","",".opencode/skill/system-spec-kit/mcp_server/code_graph/tests/code-graph-verify.vitest.ts;.opencode/skill/system-spec-kit/mcp_server/code_graph/tests/code-graph-scan.vitest.ts",".opencode/skill/system-spec-kit/mcp_server/code_graph/manual_testing_playbook/02--manual-scan-verify-status/005-code-graph-verify-blocked-on-stale.md","Maybe","P2","Verify is bounded manual diagnostics with unit and playbook coverage but no stress axis."
"cg-005","code_graph","MANUAL SCAN / VERIFY / STATUS","code_graph_status",".opencode/skill/system-spec-kit/mcp_server/code_graph/feature_catalog/02--manual-scan-verify-status/03-code-graph-status.md","","",".opencode/skill/system-spec-kit/mcp_server/code_graph/tests/code-graph-siblings-readiness.vitest.ts;.opencode/skill/system-spec-kit/mcp_server/code_graph/tests/code-graph-ops-hardening.vitest.ts",".opencode/skill/system-spec-kit/mcp_server/code_graph/manual_testing_playbook/02--manual-scan-verify-status/006-code-graph-status-readonly.md","Maybe","P2","Status has degraded-state semantics but current coverage is unit/manual only."
"cg-006","code_graph","DETECT-CHANGES PREFLIGHT","detect_changes preflight",".opencode/skill/system-spec-kit/mcp_server/code_graph/feature_catalog/03--detect-changes/01-detect-changes-preflight.md","","",".opencode/skill/system-spec-kit/mcp_server/code_graph/tests/detect-changes.test.ts",".opencode/skill/system-spec-kit/mcp_server/code_graph/manual_testing_playbook/03--detect-changes/007-detect-changes-no-inline-index.md","Maybe","P2","The preflight path is bounded and has unit/manual coverage but no stress test for large diffs or stale refusal."
"cg-007","code_graph","CONTEXT RETRIEVAL","code_graph_context",".opencode/skill/system-spec-kit/mcp_server/code_graph/feature_catalog/04--context-retrieval/01-code-graph-context.md",".opencode/skill/system-spec-kit/mcp_server/stress_test/code-graph/budget-allocator-stress.vitest.ts",".opencode/skill/system-spec-kit/mcp_server/stress_test/search-quality/w10-degraded-readiness-integration.vitest.ts;.opencode/skill/system-spec-kit/mcp_server/stress_test/session/gate-d-benchmark-session-resume.vitest.ts",".opencode/skill/system-spec-kit/mcp_server/code_graph/tests/code-graph-context-handler.vitest.ts;.opencode/skill/system-spec-kit/mcp_server/code_graph/tests/code-graph-seed-resolver.vitest.ts",".opencode/skill/system-spec-kit/mcp_server/code_graph/manual_testing_playbook/04--context-retrieval/008-code-graph-context-readiness-block.md","Y","P1","Stress covers budget allocation and degraded readiness indirectly but not full context handler pressure."
"cg-008","code_graph","CONTEXT RETRIEVAL","Context handler",".opencode/skill/system-spec-kit/mcp_server/code_graph/feature_catalog/04--context-retrieval/02-context-handler.md",".opencode/skill/system-spec-kit/mcp_server/stress_test/code-graph/budget-allocator-stress.vitest.ts",".opencode/skill/system-spec-kit/mcp_server/stress_test/search-quality/w10-degraded-readiness-integration.vitest.ts",".opencode/skill/system-spec-kit/mcp_server/code_graph/tests/code-graph-context-handler.vitest.ts;.opencode/skill/system-spec-kit/mcp_server/code_graph/tests/edge-metadata-sanitize.test.ts",".opencode/skill/system-spec-kit/mcp_server/code_graph/manual_testing_playbook/04--context-retrieval/008-code-graph-context-readiness-block.md","Y","P1","Handler deadlines and seed normalization are unit-covered while stress only exercises budget pressure."
"cg-009","code_graph","COVERAGE GRAPH","deep_loop_graph_query",".opencode/skill/system-spec-kit/mcp_server/code_graph/feature_catalog/05--coverage-graph/01-deep-loop-graph-query.md","","",".opencode/skill/system-spec-kit/mcp_server/tests/deep-loop-graph-query.vitest.ts;.opencode/skill/system-spec-kit/mcp_server/tests/coverage-graph-signals.vitest.ts",".opencode/skill/system-spec-kit/mcp_server/code_graph/manual_testing_playbook/05--coverage-graph/","Maybe","P2","Coverage query has live unit tests but no stress run over large or noisy graph namespaces."
"cg-010","code_graph","COVERAGE GRAPH","deep_loop_graph_status",".opencode/skill/system-spec-kit/mcp_server/code_graph/feature_catalog/05--coverage-graph/02-deep-loop-graph-status.md","","",".opencode/skill/system-spec-kit/mcp_server/tests/coverage-graph-status.vitest.ts;.opencode/skill/system-spec-kit/mcp_server/tests/deep-loop-graph-query.vitest.ts",".opencode/skill/system-spec-kit/mcp_server/code_graph/manual_testing_playbook/05--coverage-graph/","Maybe","P2","Status is bounded diagnostics with unit coverage and no stress-level namespace pressure."
"cg-011","code_graph","COVERAGE GRAPH","deep_loop_graph_upsert",".opencode/skill/system-spec-kit/mcp_server/code_graph/feature_catalog/05--coverage-graph/03-deep-loop-graph-upsert.md","","",".opencode/skill/system-spec-kit/mcp_server/tests/deep-loop-graph-query.vitest.ts;.opencode/skill/system-spec-kit/mcp_server/tests/graph-aware-stop.vitest.ts",".opencode/skill/system-spec-kit/mcp_server/code_graph/manual_testing_playbook/05--coverage-graph/010-deep-loop-graph-upsert-conditional.md","Maybe","P2","Upsert writes are conditional and unit-covered but lack batch-size or repeated-write stress."
"cg-012","code_graph","COVERAGE GRAPH","deep_loop_graph_convergence",".opencode/skill/system-spec-kit/mcp_server/code_graph/feature_catalog/05--coverage-graph/04-deep-loop-graph-convergence.md",".opencode/skill/system-spec-kit/mcp_server/stress_test/code-graph/deep-loop-graph-convergence-stress.vitest.ts","",".opencode/skill/system-spec-kit/mcp_server/tests/graph-aware-stop.vitest.ts;.opencode/skill/system-spec-kit/mcp_server/tests/coverage-graph-signals.vitest.ts",".opencode/skill/system-spec-kit/mcp_server/code_graph/manual_testing_playbook/05--coverage-graph/009-deep-loop-graph-convergence-yaml-fire.md","Y","none","Closed by packet 043: .opencode/skill/system-spec-kit/mcp_server/stress_test/code-graph/deep-loop-graph-convergence-stress.vitest.ts (was P0)"
"cg-013","code_graph","MCP TOOL SURFACE","Tool registrations",".opencode/skill/system-spec-kit/mcp_server/code_graph/feature_catalog/06--mcp-tool-surface/01-tool-registrations.md","","",".opencode/skill/system-spec-kit/mcp_server/tests/context-server.vitest.ts;.opencode/skill/system-spec-kit/mcp_server/tests/tool-input-schema.vitest.ts",".opencode/skill/system-spec-kit/mcp_server/code_graph/manual_testing_playbook/06--mcp-tool-surface/011-tool-call-shape-validation.md","N","none","Registration and schema dispatch are static contracts covered by unit tests and do not require stress."
"cg-014","code_graph","CCC INTEGRATION","ccc_reindex",".opencode/skill/system-spec-kit/mcp_server/code_graph/feature_catalog/07--ccc-integration/01-ccc-reindex.md","","",".opencode/skill/system-spec-kit/mcp_server/code_graph/tests/code-graph-siblings-readiness.vitest.ts",".opencode/skill/system-spec-kit/mcp_server/code_graph/manual_testing_playbook/07--ccc-integration/012-ccc-reindex-binary-shell-out.md","Maybe","P2","CCC reindex shells out to an external indexer and is manual-only in current tests."
"cg-015","code_graph","CCC INTEGRATION","ccc_feedback",".opencode/skill/system-spec-kit/mcp_server/code_graph/feature_catalog/07--ccc-integration/02-ccc-feedback.md","","",".opencode/skill/system-spec-kit/mcp_server/code_graph/tests/code-graph-siblings-readiness.vitest.ts",".opencode/skill/system-spec-kit/mcp_server/code_graph/manual_testing_playbook/07--ccc-integration/013-ccc-feedback-jsonl-append.md","Maybe","P2","Feedback appends JSONL and has no repeated-write stress coverage."
"cg-016","code_graph","CCC INTEGRATION","ccc_status",".opencode/skill/system-spec-kit/mcp_server/code_graph/feature_catalog/07--ccc-integration/03-ccc-status.md","","",".opencode/skill/system-spec-kit/mcp_server/code_graph/tests/code-graph-siblings-readiness.vitest.ts",".opencode/skill/system-spec-kit/mcp_server/code_graph/manual_testing_playbook/07--ccc-integration/014-ccc-status-availability-probe.md","Maybe","P2","Status probes availability but lacks degraded external-binary stress coverage."
"cg-017","code_graph","DOCTOR CODE GRAPH","Doctor apply mode",".opencode/skill/system-spec-kit/mcp_server/code_graph/feature_catalog/08--doctor-code-graph/01-doctor-apply-mode.md","","",".opencode/skill/system-spec-kit/mcp_server/code_graph/tests/code-graph-ops-hardening.vitest.ts",".opencode/skill/system-spec-kit/mcp_server/code_graph/manual_testing_playbook/08--doctor-code-graph/015-doctor-apply-mode-policy.md","Y","P2","Apply mode has filesystem mutation surface but is manual and currently a nice-to-have stress target."
"sa-001","skill_advisor","DAEMON AND FRESHNESS","Chokidar narrow-scope watcher",".opencode/skill/system-spec-kit/mcp_server/skill_advisor/feature_catalog/01--daemon-and-freshness/01-watcher.md",".opencode/skill/system-spec-kit/mcp_server/stress_test/skill-advisor/chokidar-narrow-scope-stress.vitest.ts","",".opencode/skill/system-spec-kit/mcp_server/skill_advisor/tests/daemon-freshness-foundation.vitest.ts","","Y","none","Closed by packet 043: .opencode/skill/system-spec-kit/mcp_server/stress_test/skill-advisor/chokidar-narrow-scope-stress.vitest.ts (was P0)"
"sa-002","skill_advisor","DAEMON AND FRESHNESS","Workspace single-writer lease",".opencode/skill/system-spec-kit/mcp_server/skill_advisor/feature_catalog/01--daemon-and-freshness/02-lease.md",".opencode/skill/system-spec-kit/mcp_server/stress_test/skill-advisor/single-writer-lease-stress.vitest.ts","",".opencode/skill/system-spec-kit/mcp_server/skill_advisor/tests/daemon-freshness-foundation.vitest.ts","","Y","none","Closed by packet 043: .opencode/skill/system-spec-kit/mcp_server/stress_test/skill-advisor/single-writer-lease-stress.vitest.ts (was P0)"
"sa-003","skill_advisor","DAEMON AND FRESHNESS","Daemon lifecycle and health",".opencode/skill/system-spec-kit/mcp_server/skill_advisor/feature_catalog/01--daemon-and-freshness/03-lifecycle.md",".opencode/skill/system-spec-kit/mcp_server/stress_test/skill-advisor/daemon-lifecycle-stress.vitest.ts","",".opencode/skill/system-spec-kit/mcp_server/skill_advisor/tests/daemon-freshness-foundation.vitest.ts;.opencode/skill/system-spec-kit/mcp_server/skill_advisor/tests/handlers/advisor-status.vitest.ts","","Y","none","Closed by packet 043: .opencode/skill/system-spec-kit/mcp_server/stress_test/skill-advisor/daemon-lifecycle-stress.vitest.ts (was P0)"
"sa-004","skill_advisor","DAEMON AND FRESHNESS","Generation-tagged snapshot publication",".opencode/skill/system-spec-kit/mcp_server/skill_advisor/feature_catalog/01--daemon-and-freshness/04-generation.md",".opencode/skill/system-spec-kit/mcp_server/stress_test/skill-advisor/generation-snapshot-stress.vitest.ts","",".opencode/skill/system-spec-kit/mcp_server/skill_advisor/tests/daemon-freshness-foundation.vitest.ts","","Y","none","Closed by packet 043: .opencode/skill/system-spec-kit/mcp_server/stress_test/skill-advisor/generation-snapshot-stress.vitest.ts (was P0)"
"sa-005","skill_advisor","DAEMON AND FRESHNESS","Live / stale / absent / unavailable trust state",".opencode/skill/system-spec-kit/mcp_server/skill_advisor/feature_catalog/01--daemon-and-freshness/05-trust-state.md",".opencode/skill/system-spec-kit/mcp_server/stress_test/skill-advisor/trust-state-stress.vitest.ts","",".opencode/skill/system-spec-kit/mcp_server/skill_advisor/tests/legacy/advisor-freshness.vitest.ts;.opencode/skill/system-spec-kit/mcp_server/skill_advisor/tests/handlers/advisor-recommend-unavailable.vitest.ts","","Y","none","Closed by packet 043: .opencode/skill/system-spec-kit/mcp_server/stress_test/skill-advisor/trust-state-stress.vitest.ts (was P0)"
"sa-006","skill_advisor","DAEMON AND FRESHNESS","Rebuild from source on corrupt SQLite",".opencode/skill/system-spec-kit/mcp_server/skill_advisor/feature_catalog/01--daemon-and-freshness/06-rebuild-from-source.md",".opencode/skill/system-spec-kit/mcp_server/stress_test/skill-advisor/skill-graph-rebuild-concurrency.vitest.ts","",".opencode/skill/system-spec-kit/mcp_server/skill_advisor/tests/daemon-freshness-foundation.vitest.ts;.opencode/skill/system-spec-kit/mcp_server/tests/advisor-rebuild.vitest.ts",".opencode/skill/system-spec-kit/mcp_server/skill_advisor/manual_testing_playbook/03--advisor-rebuild/001-explicit-advisor-rebuild-repair-path.md","Y","none","Direct stress serializes concurrent corrupt rebuilds for the same database path."
"sa-007","skill_advisor","DAEMON AND FRESHNESS","Generation-tied cache invalidation",".opencode/skill/system-spec-kit/mcp_server/skill_advisor/feature_catalog/01--daemon-and-freshness/07-cache-invalidation.md",".opencode/skill/system-spec-kit/mcp_server/stress_test/skill-advisor/generation-cache-invalidation-stress.vitest.ts","",".opencode/skill/system-spec-kit/mcp_server/skill_advisor/tests/legacy/advisor-prompt-cache.vitest.ts;.opencode/skill/system-spec-kit/mcp_server/skill_advisor/tests/cache/listener-uniqueness.vitest.ts","","Y","none","Closed by packet 043: .opencode/skill/system-spec-kit/mcp_server/stress_test/skill-advisor/generation-cache-invalidation-stress.vitest.ts (was P0)"
"sa-008","skill_advisor","AUTO-INDEXING","Deterministic derived extraction",".opencode/skill/system-spec-kit/mcp_server/skill_advisor/feature_catalog/02--auto-indexing/01-derived-extraction.md","","",".opencode/skill/system-spec-kit/mcp_server/skill_advisor/tests/lifecycle-derived-metadata.vitest.ts","","Maybe","P2","Extraction is runtime indexing with bounded unit coverage but no large-corpus stress."
"sa-009","skill_advisor","AUTO-INDEXING","A7 sanitizer at every write boundary",".opencode/skill/system-spec-kit/mcp_server/skill_advisor/feature_catalog/02--auto-indexing/02-sanitizer.md","","",".opencode/skill/system-spec-kit/mcp_server/skill_advisor/tests/legacy/advisor-privacy.vitest.ts;.opencode/skill/system-spec-kit/mcp_server/skill_advisor/tests/handlers/advisor-recommend.vitest.ts;.opencode/skill/system-spec-kit/mcp_server/skill_advisor/tests/affordance-normalizer.test.ts","","Maybe","P2","Sanitizer boundaries are unit-covered but not stressed with large adversarial batches."
"sa-010","skill_advisor","AUTO-INDEXING","Provenance fingerprints and trust lanes",".opencode/skill/system-spec-kit/mcp_server/skill_advisor/feature_catalog/02--auto-indexing/03-provenance-and-trust-lanes.md","","",".opencode/skill/system-spec-kit/mcp_server/skill_advisor/tests/lifecycle-derived-metadata.vitest.ts","","Maybe","P2","Fingerprint and lane assignment have unit coverage but no stress corpus."
"sa-011","skill_advisor","AUTO-INDEXING","Graph-metadata derived sync",".opencode/skill/system-spec-kit/mcp_server/skill_advisor/feature_catalog/02--auto-indexing/04-sync.md","","",".opencode/skill/system-spec-kit/mcp_server/skill_advisor/tests/lifecycle-derived-metadata.vitest.ts","","Maybe","P2","Atomic sync writes are covered by unit tests but not concurrent filesystem pressure."
"sa-012","skill_advisor","AUTO-INDEXING","Anti-stuffing and cardinality caps",".opencode/skill/system-spec-kit/mcp_server/skill_advisor/feature_catalog/02--auto-indexing/05-anti-stuffing.md",".opencode/skill/system-spec-kit/mcp_server/stress_test/skill-advisor/anti-stuffing-cardinality-stress.vitest.ts","",".opencode/skill/system-spec-kit/mcp_server/skill_advisor/tests/scorer/native-scorer.vitest.ts","","Y","none","Closed by packet 043: .opencode/skill/system-spec-kit/mcp_server/stress_test/skill-advisor/anti-stuffing-cardinality-stress.vitest.ts (was P0)"
"sa-013","skill_advisor","AUTO-INDEXING","DF/IDF corpus stats (active-only)",".opencode/skill/system-spec-kit/mcp_server/skill_advisor/feature_catalog/02--auto-indexing/06-df-idf-corpus.md",".opencode/skill/system-spec-kit/mcp_server/stress_test/skill-advisor/df-idf-corpus-stress.vitest.ts","",".opencode/skill/system-spec-kit/mcp_server/skill_advisor/tests/scorer/native-scorer.vitest.ts","","Y","none","Closed by packet 043: .opencode/skill/system-spec-kit/mcp_server/stress_test/skill-advisor/df-idf-corpus-stress.vitest.ts (was P0)"
"sa-014","skill_advisor","LIFECYCLE ROUTING","Derived-lane-only age haircut",".opencode/skill/system-spec-kit/mcp_server/skill_advisor/feature_catalog/03--lifecycle-routing/01-age-haircut.md","","",".opencode/skill/system-spec-kit/mcp_server/skill_advisor/tests/scorer/native-scorer.vitest.ts","","Maybe","P2","Age haircut is scorer runtime behavior with bounded unit coverage and no stress axis."
"sa-015","skill_advisor","LIFECYCLE ROUTING","Asymmetric supersession routing",".opencode/skill/system-spec-kit/mcp_server/skill_advisor/feature_catalog/03--lifecycle-routing/02-supersession.md","","",".opencode/skill/system-spec-kit/mcp_server/skill_advisor/tests/compat/redirect-metadata.vitest.ts;.opencode/skill/system-spec-kit/mcp_server/skill_advisor/tests/lifecycle-derived-metadata.vitest.ts","","Maybe","P2","Supersession routing is unit-covered but lacks dense redirect-chain stress."
"sa-016","skill_advisor","LIFECYCLE ROUTING","Archive and future skills indexed but not routed",".opencode/skill/system-spec-kit/mcp_server/skill_advisor/feature_catalog/03--lifecycle-routing/03-archive-handling.md","","",".opencode/skill/system-spec-kit/mcp_server/skill_advisor/tests/scorer/native-scorer.vitest.ts","","Maybe","P2","Archive exclusion is bounded unit coverage without archive-heavy corpus stress."
"sa-017","skill_advisor","LIFECYCLE ROUTING","Schema v1 to v2 additive backfill",".opencode/skill/system-spec-kit/mcp_server/skill_advisor/feature_catalog/03--lifecycle-routing/04-schema-migration.md","","",".opencode/skill/system-spec-kit/mcp_server/skill_advisor/tests/lifecycle-derived-metadata.vitest.ts","","Maybe","P2","Schema migration has unit coverage but no large batch migration stress."
"sa-018","skill_advisor","LIFECYCLE ROUTING","Atomic lifecycle rollback",".opencode/skill/system-spec-kit/mcp_server/skill_advisor/feature_catalog/03--lifecycle-routing/05-rollback.md","","",".opencode/skill/system-spec-kit/mcp_server/skill_advisor/tests/lifecycle-derived-metadata.vitest.ts","","Maybe","P2","Rollback is covered by invariants but lacks repeated failure-injection stress."
"sa-019","skill_advisor","SCORER FUSION","Five-lane analytical fusion",".opencode/skill/system-spec-kit/mcp_server/skill_advisor/feature_catalog/04--scorer-fusion/01-five-lane-fusion.md",".opencode/skill/system-spec-kit/mcp_server/stress_test/skill-advisor/scorer-fusion-stress.vitest.ts",".opencode/skill/system-spec-kit/mcp_server/stress_test/matrix/shadow-comparison.vitest.ts;.opencode/skill/system-spec-kit/mcp_server/stress_test/search-quality/w5-shadow-learned-weights.vitest.ts;.opencode/skill/system-spec-kit/mcp_server/stress_test/search-quality/w8-search-decision-envelope.vitest.ts",".opencode/skill/system-spec-kit/mcp_server/skill_advisor/tests/scorer/native-scorer.vitest.ts;.opencode/skill/system-spec-kit/mcp_server/skill_advisor/tests/handlers/advisor-status.vitest.ts",".opencode/skill/system-spec-kit/mcp_server/skill_advisor/manual_testing_playbook/01--recommendation/001-native-recommendation-happy-path.md","Y","P1","Direct stress covers two fusion scenarios but not large-corpus or full lane pressure."
"sa-020","skill_advisor","SCORER FUSION","Skill-nodes / skill-edges projection",".opencode/skill/system-spec-kit/mcp_server/skill_advisor/feature_catalog/04--scorer-fusion/02-projection.md",".opencode/skill/system-spec-kit/mcp_server/stress_test/skill-advisor/scorer-fusion-stress.vitest.ts",".opencode/skill/system-spec-kit/mcp_server/stress_test/matrix/shadow-comparison.vitest.ts",".opencode/skill/system-spec-kit/mcp_server/skill_advisor/tests/scorer/native-scorer.vitest.ts;.opencode/skill/system-spec-kit/mcp_server/skill_advisor/tests/skill-graph-db.vitest.ts","","Y","P1","Projection is exercised by fixture stress but not by large skill graph inputs."
"sa-021","skill_advisor","SCORER FUSION","Top-2 ambiguity window",".opencode/skill/system-spec-kit/mcp_server/skill_advisor/feature_catalog/04--scorer-fusion/03-ambiguity.md",".opencode/skill/system-spec-kit/mcp_server/stress_test/skill-advisor/scorer-fusion-stress.vitest.ts",".opencode/skill/system-spec-kit/mcp_server/stress_test/matrix/shadow-comparison.vitest.ts",".opencode/skill/system-spec-kit/mcp_server/skill_advisor/tests/scorer/native-scorer.vitest.ts;.opencode/skill/system-spec-kit/mcp_server/skill_advisor/tests/handlers/advisor-recommend.vitest.ts",".opencode/skill/system-spec-kit/mcp_server/skill_advisor/manual_testing_playbook/01--recommendation/002-ambiguous-recommendation-rendering.md","Maybe","none","Ambiguity has a direct tie stress case plus handler unit coverage."
"sa-022","skill_advisor","SCORER FUSION","Lane contribution attribution",".opencode/skill/system-spec-kit/mcp_server/skill_advisor/feature_catalog/04--scorer-fusion/04-attribution.md","","",".opencode/skill/system-spec-kit/mcp_server/skill_advisor/tests/handlers/advisor-recommend.vitest.ts;.opencode/skill/system-spec-kit/mcp_server/skill_advisor/tests/legacy/advisor-privacy.vitest.ts;.opencode/skill/system-spec-kit/mcp_server/skill_advisor/tests/lane-attribution.test.ts","","Maybe","P2","Attribution is unit-covered but no stress file checks large or adversarial attribution payloads."
"sa-023","skill_advisor","SCORER FUSION","Lane-by-lane ablation protocol",".opencode/skill/system-spec-kit/mcp_server/skill_advisor/feature_catalog/04--scorer-fusion/05-ablation.md","",".opencode/skill/system-spec-kit/mcp_server/stress_test/search-quality/w13-decision-audit.vitest.ts",".opencode/skill/system-spec-kit/mcp_server/skill_advisor/tests/handlers/advisor-validate.vitest.ts","","Maybe","P2","Ablation has validate coverage and supplementary decision audit but no direct stress."
"sa-024","skill_advisor","SCORER FUSION","Lane weights configuration",".opencode/skill/system-spec-kit/mcp_server/skill_advisor/feature_catalog/04--scorer-fusion/06-weights-config.md","",".opencode/skill/system-spec-kit/mcp_server/stress_test/search-quality/w5-shadow-learned-weights.vitest.ts",".opencode/skill/system-spec-kit/mcp_server/skill_advisor/tests/scorer/native-scorer.vitest.ts;.opencode/skill/system-spec-kit/mcp_server/skill_advisor/tests/handlers/advisor-status.vitest.ts","","N","none","Weights configuration is a bounded config contract with supplementary shadow checks."
"sa-025","skill_advisor","MCP SURFACE","`advisor_recommend` MCP tool",".opencode/skill/system-spec-kit/mcp_server/skill_advisor/feature_catalog/06--mcp-surface/01-advisor-recommend.md",".opencode/skill/system-spec-kit/mcp_server/stress_test/skill-advisor/scorer-fusion-stress.vitest.ts",".opencode/skill/system-spec-kit/mcp_server/stress_test/matrix/shadow-comparison.vitest.ts;.opencode/skill/system-spec-kit/mcp_server/stress_test/search-quality/w8-search-decision-envelope.vitest.ts",".opencode/skill/system-spec-kit/mcp_server/skill_advisor/tests/handlers/advisor-recommend.vitest.ts;.opencode/skill/system-spec-kit/mcp_server/skill_advisor/tests/handlers/advisor-recommend-unavailable.vitest.ts;.opencode/skill/system-spec-kit/mcp_server/skill_advisor/tests/legacy/advisor-privacy.vitest.ts",".opencode/skill/system-spec-kit/mcp_server/skill_advisor/manual_testing_playbook/01--recommendation/001-native-recommendation-happy-path.md;.opencode/skill/system-spec-kit/mcp_server/skill_advisor/manual_testing_playbook/01--recommendation/002-ambiguous-recommendation-rendering.md","Y","P1","Direct stress reaches scorer behavior but not the full MCP handler under load."
"sa-026","skill_advisor","MCP SURFACE","`advisor_rebuild` MCP tool",".opencode/skill/system-spec-kit/mcp_server/skill_advisor/feature_catalog/06--mcp-surface/05-advisor-rebuild.md",".opencode/skill/system-spec-kit/mcp_server/stress_test/skill-advisor/skill-graph-rebuild-concurrency.vitest.ts","",".opencode/skill/system-spec-kit/mcp_server/tests/advisor-rebuild.vitest.ts;.opencode/skill/system-spec-kit/mcp_server/tests/tool-input-schema.vitest.ts",".opencode/skill/system-spec-kit/mcp_server/skill_advisor/manual_testing_playbook/03--advisor-rebuild/001-explicit-advisor-rebuild-repair-path.md","Y","none","Direct stress covers concurrent rebuild serialization for corrupt state."
"sa-027","skill_advisor","MCP SURFACE","`advisor_status` MCP tool",".opencode/skill/system-spec-kit/mcp_server/skill_advisor/feature_catalog/06--mcp-surface/02-advisor-status.md","","",".opencode/skill/system-spec-kit/mcp_server/skill_advisor/tests/handlers/advisor-status.vitest.ts;.opencode/skill/system-spec-kit/mcp_server/tests/advisor-rebuild.vitest.ts",".opencode/skill/system-spec-kit/mcp_server/skill_advisor/manual_testing_playbook/03--advisor-rebuild/001-explicit-advisor-rebuild-repair-path.md","Maybe","P2","Status is diagnostic-only and lacks degraded-state stress beyond handler units."
"sa-028","skill_advisor","MCP SURFACE","`advisor_validate` MCP tool",".opencode/skill/system-spec-kit/mcp_server/skill_advisor/feature_catalog/06--mcp-surface/03-advisor-validate.md","","",".opencode/skill/system-spec-kit/mcp_server/skill_advisor/tests/handlers/advisor-validate.vitest.ts;.opencode/skill/system-spec-kit/mcp_server/skill_advisor/tests/parity/python-ts-parity.vitest.ts","","Maybe","P2","Validation slices have unit and parity coverage but no stress sweep."
"sa-029","skill_advisor","MCP SURFACE","Stable `compat/index.ts` entrypoint",".opencode/skill/system-spec-kit/mcp_server/skill_advisor/feature_catalog/06--mcp-surface/04-compat-entrypoint.md","","",".opencode/skill/system-spec-kit/mcp_server/skill_advisor/tests/compat/daemon-probe.vitest.ts;.opencode/skill/system-spec-kit/mcp_server/skill_advisor/tests/compat/plugin-bridge.vitest.ts",".opencode/skill/system-spec-kit/mcp_server/skill_advisor/manual_testing_playbook/02--hook-integration/001-claude-user-prompt-submit-additional-context.md","N","none","Stable compat export shape is a static contract covered by compat tests."
"sa-030","skill_advisor","HOOKS AND PLUGIN","Claude Code `user-prompt-submit` hook",".opencode/skill/system-spec-kit/mcp_server/skill_advisor/feature_catalog/07--hooks-and-plugin/01-claude-hook.md","","",".opencode/skill/system-spec-kit/mcp_server/skill_advisor/tests/legacy/advisor-runtime-parity.vitest.ts;.opencode/skill/system-spec-kit/mcp_server/skill_advisor/tests/hooks/settings-driven-invocation-parity.vitest.ts",".opencode/skill/system-spec-kit/mcp_server/skill_advisor/manual_testing_playbook/02--hook-integration/001-claude-user-prompt-submit-additional-context.md","Maybe","P2","Hook behavior is runtime-facing but currently covered by unit/manual checks only."
"sa-031","skill_advisor","HOOKS AND PLUGIN","Copilot CLI `user-prompt-submit` hook",".opencode/skill/system-spec-kit/mcp_server/skill_advisor/feature_catalog/07--hooks-and-plugin/02-copilot-hook.md","","",".opencode/skill/system-spec-kit/mcp_server/skill_advisor/tests/hooks/settings-driven-invocation-parity.vitest.ts;.opencode/skill/system-spec-kit/mcp_server/skill_advisor/tests/legacy/advisor-runtime-parity.vitest.ts","","Maybe","P2","Copilot hook parity has unit coverage but no stress or manual scenario in the canonical playbook."
"sa-032","skill_advisor","HOOKS AND PLUGIN","Gemini CLI `user-prompt-submit` hook",".opencode/skill/system-spec-kit/mcp_server/skill_advisor/feature_catalog/07--hooks-and-plugin/03-gemini-hook.md","","",".opencode/skill/system-spec-kit/mcp_server/skill_advisor/tests/hooks/settings-driven-invocation-parity.vitest.ts;.opencode/skill/system-spec-kit/mcp_server/skill_advisor/tests/legacy/advisor-runtime-parity.vitest.ts","","Maybe","P2","Gemini hook parity has unit coverage but no stress or manual scenario in the canonical playbook."
"sa-033","skill_advisor","HOOKS AND PLUGIN","Codex CLI native SessionStart/UserPromptSubmit hooks with prompt-wrapper fallback",".opencode/skill/system-spec-kit/mcp_server/skill_advisor/feature_catalog/07--hooks-and-plugin/04-codex-hook.md","","",".opencode/skill/system-spec-kit/mcp_server/tests/codex-session-start-hook.vitest.ts;.opencode/skill/system-spec-kit/mcp_server/tests/codex-user-prompt-submit-hook.vitest.ts;.opencode/skill/system-spec-kit/mcp_server/tests/codex-hook-policy.vitest.ts","","Maybe","P2","Codex hooks have dedicated units but no prompt-volume or degraded-state stress."
"sa-034","skill_advisor","HOOKS AND PLUGIN","OpenCode plugin bridge",".opencode/skill/system-spec-kit/mcp_server/skill_advisor/feature_catalog/07--hooks-and-plugin/05-opencode-plugin-bridge.md","","",".opencode/skill/system-spec-kit/mcp_server/skill_advisor/tests/compat/plugin-bridge.vitest.ts;.opencode/skill/system-spec-kit/mcp_server/tests/spec-kit-skill-advisor-plugin.vitest.ts","","Maybe","P2","Plugin bridge has broad unit coverage but no stress axis."
"sa-035","skill_advisor","PYTHON COMPAT","Python CLI shim (`skill_advisor.py`)",".opencode/skill/system-spec-kit/mcp_server/skill_advisor/feature_catalog/08--python-compat/01-cli-shim.md","","",".opencode/skill/system-spec-kit/mcp_server/skill_advisor/tests/compat/shim.vitest.ts;.opencode/skill/system-spec-kit/mcp_server/skill_advisor/tests/compat/daemon-probe.vitest.ts;.opencode/skill/system-spec-kit/mcp_server/skill_advisor/tests/python/test_skill_advisor.py","","Maybe","P2","CLI shim compatibility is unit-covered but lacks subprocess-volume stress."
"sa-036","skill_advisor","PYTHON COMPAT","Python regression suite (52/52)",".opencode/skill/system-spec-kit/mcp_server/skill_advisor/feature_catalog/08--python-compat/02-regression-suite.md","","",".opencode/skill/system-spec-kit/mcp_server/skill_advisor/tests/parity/python-ts-parity.vitest.ts;.opencode/skill/system-spec-kit/mcp_server/skill_advisor/tests/python/test_skill_advisor.py","","Maybe","P2","The regression suite validates parity but is not itself a stress harness."
"sa-037","skill_advisor","PYTHON COMPAT","Python bench runner (`skill_advisor_bench.py`)",".opencode/skill/system-spec-kit/mcp_server/skill_advisor/feature_catalog/08--python-compat/03-bench-runner.md",".opencode/skill/system-spec-kit/mcp_server/stress_test/skill-advisor/python-bench-runner-stress.vitest.ts","",".opencode/skill/system-spec-kit/mcp_server/skill_advisor/tests/python/test_skill_advisor.py","","Y","none","Closed by packet 043: .opencode/skill/system-spec-kit/mcp_server/stress_test/skill-advisor/python-bench-runner-stress.vitest.ts (was P0)"
